payment_id,order_id,payment_method,payment_status,payment_date
1,773,Wallet,Failed,2024-12-02
2,102,Credit Card,Failed,2024-08-17
3,391,Wallet,Refunded,2026-04-27
4,95,Net Banking,Success,2024-02-12
5,85,Wallet,Success,2026-07-04
6,63,UPI,Failed,2023-11-30
7,457,Credit Card,Pending,2024-04-18
8,789,Wallet,Success,2025-11-21
9,928,Net Banking,Failed,2025-12-27
10,212,Net Banking,Failed,2024-11-30
11,982,Cash on Delivery,Pending,2025-11-08
12,11,Debit Card,Failed,2024-07-26
13,587,Cash on Delivery,Refunded,2025-05-05
14,766,Cash on Delivery,Success,2024-05-12
15,63,Debit Card,Failed,2023-07-30
16,103,Net Banking,Success,2025-07-28
17,469,UPI,Refunded,2025-04-22
18,58,Credit Card,Success,2025-10-26
19,500,Cash on Delivery,Refunded,2025-07-25
20,445,Net Banking,Success,2024-05-15
21,946,Cash on Delivery,Pending,2023-11-06
22,814,Wallet,Pending,2025-11-26
23,329,Credit Card,Success,2025-08-16
24,774,Net Banking,Success,2025-09-16
25,904,Debit Card,Refunded,2024-01-08
26,468,Credit Card,Pending,2026-06-03
27,328,Wallet,Success,2023-11-18
28,844,UPI,Refunded,2025-11-07
29,867,Net Banking,Pending,2025-06-25
30,991,Credit Card,Refunded,2025-08-23
31,239,Debit Card,Success,2025-07-23
32,406,Debit Card,Success,2026-02-14
33,379,Wallet,Pending,2023-10-18
34,261,Cash on Delivery,Failed,2025-11-27
35,733,Wallet,Success,2025-11-26
36,563,Debit Card,Success,2025-05-26
37,836,Net Banking,Failed,2024-08-27
38,874,Net Banking,Pending,2024-02-21
39,496,Cash on Delivery,Success,2025-12-15
40,22,Wallet,Pending,2025-02-06
41,623,Debit Card,Refunded,2023-07-17
42,459,Cash on Delivery,Pending,2025-01-24
43,599,Cash on Delivery,Failed,2024-01-09
44,423,Debit Card,Success,2024-04-20
45,763,Debit Card,Refunded,2024-09-26
46,570,Credit Card,Success,2024-10-09
47,649,Debit Card,Failed,2025-02-28
48,302,Cash on Delivery,Failed,2025-09-14
49,900,Debit Card,Pending,2025-12-13
50,632,Debit Card,Refunded,2024-02-12
51,312,Credit Card,Pending,2024-10-06
52,460,Cash on Delivery,Failed,2025-08-07
53,715,Debit Card,Refunded,2026-01-15
54,744,Debit Card,Pending,2024-03-07
55,405,Credit Card,Refunded,2023-12-16
56,340,Credit Card,Pending,2025-04-02
57,27,UPI,Pending,2024-05-21
58,393,Cash on Delivery,Failed,2024-12-03
59,758,Credit Card,Pending,2025-06-19
60,873,Credit Card,Success,2025-02-17
61,958,Wallet,Failed,2025-07-07
62,877,Debit Card,Failed,2024-01-10
63,453,Net Banking,Refunded,2025-03-01
64,740,Net Banking,Success,2025-02-26
65,460,UPI,Failed,2026-02-02
66,415,Net Banking,Pending,2025-07-23
67,130,Cash on Delivery,Failed,2024-09-28
68,510,Credit Card,Failed,2024-06-12
69,430,UPI,Refunded,2026-02-19
70,253,Credit Card,Failed,2026-05-16
71,686,UPI,Failed,2025-05-24
72,967,Credit Card,Refunded,2025-05-03
73,366,Net Banking,Failed,2025-07-26
74,944,Cash on Delivery,Pending,2025-05-31
75,738,Cash on Delivery,Refunded,2024-01-21
76,328,Cash on Delivery,Refunded,2026-04-06
77,390,Wallet,Failed,2026-04-12
78,869,Debit Card,Refunded,2024-09-02
79,183,Debit Card,Failed,2025-02-17
80,876,Credit Card,Pending,2023-07-21
81,42,Net Banking,Success,2023-09-19
82,631,UPI,Success,2024-06-24
83,598,Net Banking,Failed,2026-03-01
84,8,Net Banking,Pending,2023-10-18
85,597,Net Banking,Success,2025-10-12
86,223,Debit Card,Success,2025-11-02
87,86,Credit Card,Refunded,2023-12-12
88,852,Debit Card,Success,2026-04-04
89,241,Cash on Delivery,Success,2023-07-13
90,462,Wallet,Pending,2025-01-15
91,90,Net Banking,Success,2025-07-12
92,785,Debit Card,Pending,2025-01-15
93,524,Wallet,Failed,2023-08-01
94,264,Credit Card,Refunded,2026-03-21
95,823,Debit Card,Refunded,2025-08-23
96,482,Debit Card,Failed,2023-10-23
97,855,UPI,Pending,2024-07-17
98,173,Cash on Delivery,Pending,2026-01-12
99,540,UPI,Refunded,2026-03-28
100,797,UPI,Success,2026-05-06
101,199,Credit Card,Refunded,2024-08-27
102,307,UPI,Success,2024-01-20
103,487,UPI,Success,2024-07-24
104,573,Debit Card,Refunded,2024-11-09
105,927,Debit Card,Failed,2026-05-19
106,578,UPI,Refunded,2024-01-12
107,680,Debit Card,Success,2025-05-16
108,597,Wallet,Failed,2025-03-31
109,446,Debit Card,Refunded,2024-07-19
110,681,Wallet,Refunded,2024-10-19
111,985,Cash on Delivery,Failed,2024-04-02
112,165,Wallet,Failed,2023-09-07
113,434,Debit Card,Refunded,2025-02-01
114,866,Wallet,Refunded,2024-08-22
115,606,Wallet,Failed,2025-12-07
116,505,Cash on Delivery,Failed,2025-08-09
117,667,Net Banking,Refunded,2025-01-24
118,329,Wallet,Success,2025-10-30
119,470,Cash on Delivery,Refunded,2026-01-29
120,53,UPI,Failed,2024-09-27
121,844,UPI,Refunded,2026-04-09
122,449,UPI,Refunded,2025-09-06
123,402,Debit Card,Failed,2025-10-24
124,344,UPI,Pending,2026-03-24
125,594,Debit Card,Success,2024-04-27
126,387,Debit Card,Success,2026-04-22
127,500,UPI,Success,2025-09-22
128,880,Cash on Delivery,Success,2023-07-12
129,199,Net Banking,Pending,2023-07-18
130,762,Credit Card,Failed,2023-12-19
131,505,Credit Card,Pending,2024-06-06
132,342,Debit Card,Refunded,2026-03-07
133,689,Debit Card,Refunded,2024-05-15
134,349,Cash on Delivery,Refunded,2024-02-26
135,95,Debit Card,Pending,2024-06-30
136,382,Cash on Delivery,Refunded,2025-10-02
137,217,Wallet,Pending,2023-08-23
138,274,Debit Card,Pending,2023-12-21
139,492,Cash on Delivery,Refunded,2025-08-01
140,229,Credit Card,Success,2024-07-22
141,129,Cash on Delivery,Pending,2025-09-01
142,528,Net Banking,Success,2024-05-25
143,319,Cash on Delivery,Success,2025-07-09
144,892,Net Banking,Refunded,2024-08-12
145,35,Net Banking,Success,2025-05-07
146,620,Credit Card,Success,2024-01-29
147,40,Wallet,Refunded,2026-05-02
148,566,Debit Card,Pending,2026-01-09
149,176,Credit Card,Failed,2025-04-22
150,345,Cash on Delivery,Refunded,2026-02-23
151,565,Wallet,Failed,2024-05-23
152,570,Credit Card,Refunded,2025-07-07
153,496,Wallet,Refunded,2024-12-24
154,913,Wallet,Success,2025-09-23
155,770,Debit Card,Refunded,2026-03-17
156,273,Debit Card,Success,2025-10-17
157,75,Net Banking,Refunded,2025-11-29
158,525,UPI,Refunded,2024-12-03
159,485,Wallet,Refunded,2024-11-28
160,44,Net Banking,Failed,2024-08-01
161,350,Cash on Delivery,Success,2024-07-01
162,859,Wallet,Failed,2024-11-18
163,85,UPI,Pending,2025-03-26
164,596,Net Banking,Success,2025-12-19
165,159,Credit Card,Failed,2024-07-06
166,625,Debit Card,Pending,2023-07-31
167,113,Wallet,Failed,2024-07-27
168,895,Credit Card,Success,2024-01-11
169,971,Credit Card,Pending,2025-02-17
170,914,Wallet,Refunded,2024-01-15
171,706,Wallet,Refunded,2024-03-05
172,910,Net Banking,Refunded,2025-09-29
173,716,Credit Card,Pending,2023-10-12
174,443,Wallet,Pending,2024-12-27
175,528,Net Banking,Failed,2024-11-09
176,964,Cash on Delivery,Refunded,2024-08-03
177,970,Credit Card,Success,2023-10-20
178,923,UPI,Failed,2025-05-24
179,292,Credit Card,Success,2023-09-24
180,276,Cash on Delivery,Success,2024-03-30
181,389,UPI,Failed,2025-04-01
182,208,Net Banking,Failed,2024-11-24
183,19,Wallet,Success,2026-04-03
184,2,UPI,Failed,2023-07-06
185,5,Debit Card,Success,2024-12-23
186,355,Wallet,Refunded,2025-02-21
187,242,Credit Card,Success,2024-02-19
188,129,Wallet,Refunded,2023-09-28
189,632,Wallet,Pending,2024-05-30
190,84,UPI,Refunded,2023-07-28
191,842,UPI,Refunded,2023-07-26
192,557,Cash on Delivery,Failed,2026-01-03
193,136,UPI,Success,2023-12-25
194,169,Net Banking,Refunded,2023-08-18
195,151,Net Banking,Pending,2026-02-28
196,906,Net Banking,Refunded,2025-08-23
197,375,Credit Card,Pending,2024-06-10
198,15,Net Banking,Pending,2024-01-01
199,546,Credit Card,Pending,2026-03-05
200,862,Credit Card,Failed,2025-06-13
201,876,Credit Card,Failed,2024-09-05
202,841,Net Banking,Refunded,2023-11-06
203,21,UPI,Refunded,2024-10-11
204,744,Net Banking,Success,2025-05-31
205,813,Wallet,Refunded,2023-10-19
206,650,UPI,Success,2023-09-02
207,895,UPI,Failed,2023-07-27
208,606,Net Banking,Failed,2024-11-26
209,493,Debit Card,Refunded,2026-04-27
210,954,Wallet,Success,2025-01-06
211,758,Net Banking,Success,2023-08-26
212,834,Net Banking,Refunded,2024-02-26
213,57,Credit Card,Success,2023-10-06
214,52,UPI,Pending,2026-05-10
215,544,Credit Card,Success,2025-06-21
216,419,Cash on Delivery,Pending,2023-08-26
217,543,Debit Card,Success,2025-12-08
218,881,Net Banking,Success,2026-03-19
219,738,Net Banking,Failed,2024-12-15
220,144,Credit Card,Refunded,2024-07-27
221,993,Wallet,Failed,2023-12-09
222,111,UPI,Failed,2025-01-28
223,441,Cash on Delivery,Success,2025-01-31
224,962,Credit Card,Pending,2024-07-14
225,328,UPI,Pending,2025-04-25
226,223,Credit Card,Success,2026-01-21
227,126,Debit Card,Failed,2023-11-01
228,564,Credit Card,Refunded,2026-06-12
229,998,Wallet,Refunded,2023-09-12
230,609,Wallet,Success,2023-08-31
231,440,UPI,Refunded,2024-02-04
232,528,Wallet,Success,2026-06-27
233,747,Net Banking,Success,2025-04-11
234,816,Net Banking,Refunded,2024-11-02
235,750,Cash on Delivery,Refunded,2024-04-14
236,581,Cash on Delivery,Failed,2025-12-15
237,624,Net Banking,Failed,2025-06-15
238,714,Debit Card,Success,2023-08-02
239,154,Net Banking,Success,2024-01-24
240,687,UPI,Success,2023-11-24
241,811,Net Banking,Pending,2024-02-11
242,683,UPI,Failed,2024-05-28
243,106,Credit Card,Pending,2026-01-03
244,622,Cash on Delivery,Pending,2026-04-20
245,803,Credit Card,Failed,2026-03-06
246,110,Debit Card,Failed,2024-12-24
247,248,Credit Card,Pending,2024-08-24
248,416,Cash on Delivery,Pending,2025-09-18
249,25,UPI,Failed,2024-07-29
250,489,Wallet,Failed,2024-05-09
251,281,Cash on Delivery,Success,2025-01-08
252,337,Debit Card,Refunded,2025-03-24
253,533,Net Banking,Refunded,2023-10-13
254,536,Credit Card,Pending,2025-05-08
255,561,Cash on Delivery,Pending,2023-08-18
256,179,Wallet,Pending,2024-03-12
257,983,Net Banking,Refunded,2024-03-14
258,610,Net Banking,Pending,2025-02-15
259,421,Net Banking,Pending,2024-11-30
260,689,UPI,Pending,2024-03-04
261,584,Credit Card,Failed,2024-05-23
262,996,Wallet,Success,2023-10-13
263,984,Net Banking,Failed,2024-12-23
264,123,Credit Card,Refunded,2024-10-02
265,810,Wallet,Pending,2023-07-08
266,624,Credit Card,Pending,2023-11-15
267,224,Debit Card,Pending,2025-01-15
268,607,UPI,Success,2024-06-10
269,956,Wallet,Success,2024-04-24
270,339,UPI,Failed,2026-01-03
271,823,Net Banking,Pending,2026-04-10
272,194,Debit Card,Pending,2025-02-14
273,203,Debit Card,Pending,2024-08-08
274,420,Debit Card,Failed,2024-06-24
275,952,Cash on Delivery,Success,2026-03-02
276,811,Wallet,Failed,2023-12-22
277,654,UPI,Success,2025-07-28
278,334,Credit Card,Pending,2024-09-11
279,237,UPI,Refunded,2025-01-08
280,80,Wallet,Refunded,2025-05-10
281,940,Credit Card,Success,2025-06-16
282,176,Cash on Delivery,Pending,2024-09-04
283,93,Debit Card,Refunded,2025-09-05
284,902,Cash on Delivery,Failed,2023-11-07
285,247,Credit Card,Success,2025-03-28
286,257,Credit Card,Refunded,2025-08-31
287,772,Net Banking,Pending,2026-05-25
288,714,Net Banking,Success,2026-03-24
289,163,UPI,Failed,2026-01-27
290,298,Cash on Delivery,Success,2023-08-23
291,400,Net Banking,Pending,2025-06-28
292,545,Wallet,Success,2025-10-26
293,996,Cash on Delivery,Refunded,2024-08-01
294,284,Wallet,Refunded,2025-04-10
295,257,Credit Card,Refunded,2023-07-10
296,357,Debit Card,Refunded,2024-11-27
297,70,Wallet,Success,2025-01-09
298,292,Net Banking,Success,2025-02-21
299,552,Wallet,Refunded,2026-01-30
300,881,Cash on Delivery,Success,2024-07-31
301,733,Debit Card,Refunded,2026-05-30
302,104,Credit Card,Refunded,2023-11-20
303,931,UPI,Pending,2025-09-28
304,593,Net Banking,Refunded,2025-10-30
305,798,Credit Card,Pending,2024-06-12
306,602,Net Banking,Refunded,2026-03-06
307,796,UPI,Success,2025-05-16
308,313,Cash on Delivery,Success,2025-12-24
309,242,Cash on Delivery,Pending,2024-11-07
310,632,Credit Card,Success,2025-11-24
311,459,Cash on Delivery,Refunded,2024-01-21
312,446,Cash on Delivery,Refunded,2023-12-20
313,506,Wallet,Refunded,2024-06-25
314,84,Cash on Delivery,Failed,2025-12-01
315,571,Wallet,Failed,2023-09-03
316,815,Cash on Delivery,Success,2024-11-07
317,6,UPI,Success,2023-11-05
318,268,Wallet,Refunded,2023-11-29
319,869,UPI,Pending,2023-08-08
320,485,Net Banking,Pending,2025-08-16
321,658,Debit Card,Failed,2023-09-18
322,989,Wallet,Pending,2026-01-19
323,327,Credit Card,Pending,2024-12-07
324,535,Debit Card,Pending,2023-12-01
325,150,UPI,Failed,2025-11-21
326,623,Cash on Delivery,Refunded,2025-11-18
327,378,UPI,Success,2023-07-07
328,721,Debit Card,Failed,2024-08-21
329,835,Wallet,Failed,2025-08-22
330,616,Cash on Delivery,Refunded,2026-06-24
331,613,Wallet,Success,2025-12-31
332,587,Credit Card,Pending,2025-06-26
333,278,Credit Card,Success,2023-08-03
334,892,Wallet,Success,2026-06-14
335,566,Wallet,Pending,2025-04-05
336,108,Net Banking,Failed,2025-08-22
337,272,UPI,Failed,2023-08-23
338,769,Wallet,Success,2026-05-31
339,982,Debit Card,Success,2026-01-10
340,985,Wallet,Refunded,2024-01-20
341,202,Credit Card,Failed,2023-09-29
342,224,Credit Card,Failed,2024-08-28
343,921,Cash on Delivery,Pending,2024-10-06
344,431,Credit Card,Refunded,2024-04-20
345,852,Net Banking,Failed,2025-06-22
346,108,Net Banking,Success,2026-01-18
347,592,Net Banking,Success,2024-12-24
348,318,Debit Card,Refunded,2025-05-24
349,452,Cash on Delivery,Failed,2025-10-05
350,111,Credit Card,Pending,2023-09-19
351,263,UPI,Pending,2025-07-26
352,530,Debit Card,Failed,2024-09-22
353,59,Cash on Delivery,Pending,2025-12-01
354,243,Debit Card,Pending,2025-02-02
355,169,UPI,Failed,2026-03-12
356,721,Credit Card,Failed,2025-09-12
357,343,Credit Card,Pending,2023-09-21
358,886,Wallet,Pending,2025-10-31
359,878,Debit Card,Pending,2024-05-23
360,293,UPI,Refunded,2025-01-02
361,859,Wallet,Failed,2024-05-31
362,74,Wallet,Pending,2024-09-08
363,680,Debit Card,Pending,2024-11-24
364,334,Debit Card,Failed,2025-03-14
365,746,Wallet,Failed,2025-05-26
366,179,UPI,Refunded,2023-08-13
367,629,Debit Card,Success,2024-10-19
368,200,Credit Card,Refunded,2024-11-07
369,319,Cash on Delivery,Refunded,2024-02-19
370,860,Wallet,Refunded,2025-02-19
371,312,Wallet,Success,2024-08-04
372,715,Cash on Delivery,Refunded,2025-10-07
373,690,Cash on Delivery,Pending,2025-07-05
374,668,Wallet,Refunded,2023-10-25
375,78,Debit Card,Pending,2026-03-06
376,910,Cash on Delivery,Success,2025-01-23
377,964,Wallet,Pending,2023-08-12
378,737,Credit Card,Failed,2023-12-12
379,542,Wallet,Success,2026-01-09
380,479,Wallet,Pending,2024-05-06
381,172,Credit Card,Failed,2025-01-03
382,533,Credit Card,Pending,2024-11-15
383,63,Debit Card,Failed,2023-08-27
384,971,Credit Card,Refunded,2025-07-08
385,445,Net Banking,Pending,2025-06-17
386,776,UPI,Pending,2025-06-04
387,869,UPI,Refunded,2023-10-24
388,897,Credit Card,Refunded,2023-09-04
389,787,Wallet,Failed,2026-05-21
390,826,Net Banking,Failed,2024-11-11
391,798,UPI,Pending,2024-04-01
392,164,Credit Card,Pending,2024-10-15
393,433,Cash on Delivery,Pending,2023-12-14
394,507,Credit Card,Refunded,2023-08-28
395,212,Credit Card,Refunded,2024-05-26
396,697,Credit Card,Success,2024-11-01
397,71,Wallet,Failed,2024-08-16
398,135,Cash on Delivery,Refunded,2024-10-15
399,479,Debit Card,Failed,2026-01-13
400,429,Wallet,Failed,2023-11-10
401,133,Debit Card,Refunded,2024-02-08
402,973,UPI,Success,2024-02-09
403,423,Cash on Delivery,Pending,2023-07-28
404,39,UPI,Success,2023-08-08
405,555,Net Banking,Pending,2025-10-18
406,235,Wallet,Pending,2023-12-06
407,602,Cash on Delivery,Pending,2026-06-02
408,595,Cash on Delivery,Failed,2024-06-29
409,521,Debit Card,Success,2024-12-13
410,985,UPI,Refunded,2025-03-15
411,342,Debit Card,Failed,2024-09-30
412,540,Net Banking,Refunded,2024-07-20
413,836,Net Banking,Refunded,2024-04-01
414,635,Debit Card,Failed,2026-03-21
415,425,Debit Card,Refunded,2024-03-15
416,188,Wallet,Success,2023-10-01
417,939,Net Banking,Pending,2024-11-04
418,356,Cash on Delivery,Success,2023-07-26
419,596,Cash on Delivery,Failed,2024-02-18
420,424,Net Banking,Pending,2023-11-30
421,196,Cash on Delivery,Pending,2024-07-26
422,649,Credit Card,Failed,2024-05-26
423,581,Credit Card,Success,2024-12-23
424,772,Net Banking,Failed,2023-12-31
425,749,Debit Card,Success,2024-04-27
426,328,Net Banking,Refunded,2024-06-11
427,860,Wallet,Success,2025-12-27
428,607,Credit Card,Failed,2025-03-18
429,408,Credit Card,Failed,2025-09-07
430,162,UPI,Pending,2025-11-27
431,926,Credit Card,Pending,2024-04-27
432,296,Cash on Delivery,Refunded,2023-12-31
433,651,Net Banking,Failed,2024-07-30
434,892,Cash on Delivery,Failed,2026-04-22
435,793,UPI,Refunded,2024-04-08
436,509,Wallet,Pending,2026-03-02
437,496,Debit Card,Refunded,2024-12-20
438,538,Credit Card,Pending,2024-05-25
439,134,Credit Card,Success,2023-09-01
440,637,Cash on Delivery,Success,2024-12-26
441,329,Credit Card,Failed,2026-04-01
442,7,Credit Card,Failed,2025-03-20
443,903,UPI,Success,2024-10-06
444,872,Net Banking,Failed,2024-08-01
445,233,Debit Card,Refunded,2026-01-03
446,466,Cash on Delivery,Success,2026-06-25
447,542,Cash on Delivery,Pending,2024-05-24
448,118,Debit Card,Success,2024-05-13
449,297,Net Banking,Success,2025-09-24
450,39,Cash on Delivery,Failed,2023-10-24
451,971,Credit Card,Success,2024-10-28
452,202,UPI,Failed,2025-07-03
453,819,UPI,Refunded,2025-03-13
454,468,Net Banking,Pending,2023-12-16
455,23,Debit Card,Success,2024-07-29
456,297,Net Banking,Pending,2026-04-26
457,449,Wallet,Pending,2025-09-16
458,310,UPI,Success,2023-09-24
459,160,Cash on Delivery,Success,2025-12-28
460,110,Net Banking,Success,2024-05-13
461,871,Credit Card,Refunded,2023-08-20
462,551,Wallet,Failed,2025-06-25
463,425,Wallet,Refunded,2023-07-24
464,174,UPI,Success,2026-03-25
465,5,Net Banking,Success,2025-07-16
466,257,Debit Card,Failed,2024-12-24
467,574,Cash on Delivery,Failed,2026-01-07
468,552,Wallet,Refunded,2026-02-09
469,290,Wallet,Success,2026-03-07
470,545,Credit Card,Pending,2024-06-15
471,763,Cash on Delivery,Refunded,2024-02-11
472,505,Debit Card,Refunded,2026-01-10
473,448,Debit Card,Refunded,2026-01-11
474,304,Net Banking,Pending,2025-01-04
475,314,Credit Card,Failed,2026-06-29
476,419,Credit Card,Failed,2024-07-11
477,421,Wallet,Success,2025-02-06
478,61,Debit Card,Refunded,2024-04-26
479,209,Net Banking,Pending,2026-05-12
480,612,Cash on Delivery,Success,2024-03-16
481,280,Cash on Delivery,Failed,2024-11-11
482,707,Wallet,Success,2025-10-23
483,714,Net Banking,Failed,2024-06-03
484,395,Credit Card,Failed,2024-02-23
485,125,Wallet,Refunded,2023-09-11
486,309,Wallet,Failed,2026-03-14
487,521,Wallet,Success,2025-04-01
488,837,Wallet,Pending,2026-05-03
489,85,Debit Card,Success,2024-05-10
490,996,UPI,Pending,2023-11-29
491,578,UPI,Refunded,2026-01-08
492,791,Cash on Delivery,Pending,2025-03-11
493,695,Wallet,Pending,2025-08-24
494,941,UPI,Success,2025-01-23
495,639,Wallet,Success,2025-12-29
496,786,Wallet,Success,2025-02-18
497,443,Net Banking,Pending,2023-07-18
498,70,Net Banking,Success,2025-12-26
499,325,Debit Card,Pending,2026-05-18
500,70,Credit Card,Refunded,2024-09-08
501,327,UPI,Pending,2023-09-24
502,922,Credit Card,Pending,2026-05-09
503,360,Wallet,Refunded,2025-04-03
504,320,Credit Card,Success,2023-10-08
505,655,Net Banking,Success,2025-10-05
506,765,UPI,Pending,2025-02-09
507,833,Net Banking,Pending,2024-07-08
508,224,Credit Card,Failed,2023-10-19
509,818,Credit Card,Pending,2024-12-16
510,773,Cash on Delivery,Success,2024-06-28
511,420,Net Banking,Refunded,2025-04-07
512,288,Net Banking,Success,2025-01-01
513,389,Debit Card,Success,2025-02-09
514,759,UPI,Success,2026-03-19
515,394,UPI,Success,2025-06-20
516,559,Net Banking,Failed,2026-04-17
517,777,UPI,Success,2026-03-26
518,705,Cash on Delivery,Pending,2025-09-22
519,26,Credit Card,Pending,2025-09-20
520,155,Debit Card,Refunded,2025-06-11
521,31,Cash on Delivery,Success,2024-10-30
522,81,Credit Card,Failed,2023-08-02
523,102,Cash on Delivery,Success,2025-09-18
524,838,Cash on Delivery,Refunded,2023-12-21
525,192,Net Banking,Success,2024-07-01
526,925,Debit Card,Pending,2026-06-27
527,549,Net Banking,Failed,2024-02-29
528,14,Credit Card,Refunded,2023-07-19
529,899,Cash on Delivery,Failed,2026-02-06
530,161,UPI,Refunded,2023-08-15
531,570,UPI,Failed,2026-06-06
532,646,Debit Card,Success,2024-03-06
533,944,Wallet,Failed,2023-12-17
534,997,Wallet,Refunded,2023-09-01
535,485,Debit Card,Refunded,2024-09-10
536,883,Cash on Delivery,Pending,2026-01-10
537,654,Cash on Delivery,Success,2025-02-28
538,626,UPI,Success,2025-06-19
539,915,Debit Card,Refunded,2025-08-01
540,773,Credit Card,Pending,2026-06-27
541,721,Debit Card,Refunded,2025-12-18
542,945,Net Banking,Pending,2024-07-02
543,176,UPI,Pending,2023-11-22
544,623,Wallet,Refunded,2023-07-12
545,639,UPI,Refunded,2024-04-24
546,3,Debit Card,Success,2023-12-02
547,701,Net Banking,Pending,2024-11-30
548,584,Cash on Delivery,Refunded,2024-03-18
549,78,Net Banking,Pending,2025-03-24
550,612,UPI,Failed,2025-06-24
551,27,Debit Card,Success,2024-08-29
552,643,UPI,Success,2025-05-05
553,87,Wallet,Refunded,2024-03-17
554,60,Cash on Delivery,Refunded,2024-12-20
555,983,Wallet,Refunded,2025-12-06
556,269,UPI,Failed,2023-11-09
557,680,Debit Card,Pending,2026-06-22
558,935,Net Banking,Failed,2025-03-07
559,264,Debit Card,Success,2024-12-23
560,148,Debit Card,Refunded,2024-12-14
561,484,UPI,Failed,2024-05-22
562,719,Cash on Delivery,Pending,2026-04-10
563,940,Cash on Delivery,Success,2026-06-30
564,153,UPI,Failed,2025-07-03
565,980,Debit Card,Success,2023-10-28
566,640,UPI,Failed,2025-09-13
567,907,Cash on Delivery,Pending,2024-07-30
568,139,Debit Card,Pending,2023-09-04
569,196,Net Banking,Success,2026-04-29
570,698,Net Banking,Refunded,2025-10-14
571,516,Net Banking,Refunded,2023-12-19
572,55,Cash on Delivery,Refunded,2024-08-14
573,587,Credit Card,Refunded,2025-01-14
574,538,Debit Card,Pending,2024-01-22
575,35,Wallet,Pending,2023-08-08
576,932,Wallet,Success,2024-08-25
577,421,Debit Card,Failed,2023-09-19
578,177,Debit Card,Refunded,2025-04-26
579,793,Wallet,Failed,2026-03-22
580,735,Cash on Delivery,Pending,2025-10-11
581,579,UPI,Refunded,2025-11-10
582,387,Net Banking,Failed,2025-07-28
583,217,Cash on Delivery,Pending,2025-05-19
584,341,Debit Card,Refunded,2025-06-28
585,649,Debit Card,Failed,2026-03-31
586,164,Credit Card,Success,2024-04-21
587,436,UPI,Success,2023-09-12
588,232,Cash on Delivery,Pending,2026-06-30
589,6,Credit Card,Failed,2025-07-22
590,932,Net Banking,Refunded,2025-11-08
591,121,Wallet,Failed,2025-01-24
592,750,Cash on Delivery,Failed,2024-09-16
593,675,Net Banking,Success,2026-02-09
594,71,Credit Card,Success,2024-05-31
595,981,Net Banking,Failed,2025-02-17
596,266,Net Banking,Failed,2024-07-18
597,343,Wallet,Refunded,2024-03-01
598,839,Credit Card,Success,2025-11-22
599,449,Debit Card,Failed,2024-08-05
600,266,Debit Card,Success,2025-03-11
601,690,Credit Card,Pending,2025-06-20
602,594,Credit Card,Pending,2025-03-18
603,185,Cash on Delivery,Failed,2024-08-25
604,81,Debit Card,Success,2024-06-30
605,502,Wallet,Pending,2023-08-23
606,184,UPI,Refunded,2026-01-20
607,545,Wallet,Pending,2025-03-17
608,3,Wallet,Pending,2025-05-22
609,581,Credit Card,Failed,2025-09-22
610,572,Net Banking,Pending,2024-10-09
611,349,UPI,Success,2024-01-28
612,694,Net Banking,Failed,2026-06-10
613,988,Wallet,Failed,2023-11-04
614,373,Debit Card,Refunded,2024-08-27
615,184,Cash on Delivery,Pending,2023-08-05
616,876,Wallet,Pending,2024-06-07
617,754,Debit Card,Failed,2023-07-20
618,959,UPI,Failed,2025-12-01
619,164,Wallet,Pending,2024-01-06
620,218,Debit Card,Success,2024-02-15
621,641,Cash on Delivery,Failed,2024-08-12
622,75,Wallet,Failed,2024-07-22
623,115,Wallet,Pending,2023-08-20
624,328,Net Banking,Success,2024-07-31
625,515,Wallet,Pending,2024-11-19
626,216,Debit Card,Success,2026-02-23
627,863,Cash on Delivery,Failed,2024-07-12
628,165,Debit Card,Refunded,2026-02-28
629,480,Cash on Delivery,Refunded,2024-06-05
630,582,UPI,Failed,2024-07-06
631,945,Wallet,Refunded,2026-02-06
632,136,Credit Card,Failed,2024-01-08
633,350,Debit Card,Pending,2025-01-26
634,950,Wallet,Pending,2023-11-21
635,529,Net Banking,Pending,2024-11-17
636,667,Cash on Delivery,Success,2025-10-25
637,632,Cash on Delivery,Pending,2025-07-21
638,235,Cash on Delivery,Refunded,2024-02-18
639,698,Net Banking,Refunded,2023-12-14
640,791,Cash on Delivery,Failed,2025-03-09
641,959,Credit Card,Refunded,2024-09-30
642,289,Cash on Delivery,Pending,2024-04-08
643,704,Net Banking,Success,2023-12-06
644,583,Net Banking,Pending,2024-09-14
645,801,Debit Card,Pending,2023-08-09
646,873,Debit Card,Success,2024-11-21
647,681,Debit Card,Success,2024-07-23
648,809,Debit Card,Success,2023-08-04
649,287,Cash on Delivery,Pending,2023-12-04
650,167,Credit Card,Refunded,2026-03-04
651,219,UPI,Failed,2025-07-05
652,352,Net Banking,Pending,2024-11-21
653,587,Credit Card,Refunded,2024-02-14
654,739,Debit Card,Refunded,2025-01-30
655,758,Wallet,Failed,2025-11-13
656,119,Wallet,Refunded,2024-11-18
657,973,UPI,Failed,2024-05-04
658,643,Debit Card,Pending,2025-03-10
659,604,Net Banking,Success,2025-09-17
660,679,Wallet,Refunded,2024-01-30
661,904,Cash on Delivery,Refunded,2024-07-15
662,971,Net Banking,Failed,2024-02-03
663,243,Net Banking,Pending,2024-02-20
664,472,Credit Card,Refunded,2025-12-28
665,985,Cash on Delivery,Failed,2025-01-19
666,61,Wallet,Failed,2025-08-26
667,51,Wallet,Failed,2024-10-23
668,339,Credit Card,Refunded,2025-01-13
669,852,UPI,Refunded,2023-07-12
670,438,Debit Card,Pending,2023-08-31
671,123,Net Banking,Pending,2024-06-02
672,835,Net Banking,Success,2024-06-20
673,967,Credit Card,Failed,2026-04-02
674,942,Cash on Delivery,Pending,2024-02-23
675,430,Net Banking,Refunded,2023-11-16
676,435,Net Banking,Refunded,2023-08-10
677,877,Net Banking,Refunded,2024-02-20
678,192,Wallet,Failed,2025-12-21
679,562,Cash on Delivery,Success,2023-09-16
680,427,UPI,Pending,2024-01-27
681,840,UPI,Pending,2024-06-16
682,825,Credit Card,Refunded,2025-01-26
683,106,Net Banking,Pending,2025-04-02
684,145,Net Banking,Failed,2024-03-19
685,255,Net Banking,Pending,2026-02-28
686,500,Wallet,Success,2026-01-09
687,138,Cash on Delivery,Failed,2023-07-25
688,571,UPI,Pending,2023-10-31
689,983,Net Banking,Failed,2025-11-21
690,894,Cash on Delivery,Success,2024-07-09
691,704,UPI,Success,2026-04-17
692,507,Credit Card,Refunded,2024-10-24
693,271,Credit Card,Success,2024-08-22
694,933,Debit Card,Refunded,2026-01-08
695,776,Cash on Delivery,Failed,2026-03-08
696,665,Cash on Delivery,Success,2024-08-18
697,874,Cash on Delivery,Pending,2023-11-16
698,699,Cash on Delivery,Pending,2025-08-12
699,277,Debit Card,Failed,2023-12-21
700,313,Cash on Delivery,Failed,2023-09-05
701,904,Credit Card,Failed,2024-06-09
702,783,UPI,Pending,2024-03-07
703,797,Cash on Delivery,Success,2026-01-09
704,22,Credit Card,Failed,2024-04-04
705,684,Debit Card,Failed,2024-02-26
706,465,Wallet,Refunded,2026-04-01
707,698,Debit Card,Refunded,2023-12-20
708,138,Net Banking,Failed,2024-08-14
709,897,Debit Card,Failed,2026-05-25
710,21,UPI,Failed,2026-01-26
711,812,Credit Card,Refunded,2023-09-13
712,521,Net Banking,Pending,2025-02-24
713,480,UPI,Refunded,2024-06-28
714,219,Wallet,Success,2023-10-16
715,509,Debit Card,Pending,2023-08-25
716,315,Credit Card,Failed,2024-11-03
717,778,Credit Card,Success,2025-08-18
718,85,Cash on Delivery,Pending,2023-12-04
719,975,Net Banking,Refunded,2026-06-08
720,10,Debit Card,Refunded,2025-03-09
721,396,UPI,Refunded,2023-08-11
722,668,Credit Card,Success,2024-05-26
723,323,Wallet,Success,2024-12-07
724,402,Cash on Delivery,Failed,2026-04-20
725,47,Debit Card,Pending,2024-10-12
726,324,Credit Card,Failed,2026-04-10
727,781,UPI,Success,2024-11-15
728,943,Debit Card,Failed,2025-07-25
729,775,Wallet,Refunded,2023-12-21
730,202,Credit Card,Failed,2024-11-21
731,733,Credit Card,Refunded,2024-04-27
732,164,Net Banking,Pending,2025-07-19
733,761,UPI,Failed,2025-04-28
734,684,Credit Card,Failed,2025-02-11
735,750,Credit Card,Success,2024-10-15
736,622,Wallet,Success,2025-10-09
737,845,Debit Card,Success,2024-11-26
738,479,Cash on Delivery,Failed,2025-12-15
739,345,Credit Card,Failed,2026-03-10
740,541,Debit Card,Refunded,2024-09-21
741,576,Net Banking,Pending,2025-04-12
742,23,Debit Card,Failed,2026-05-30
743,289,Debit Card,Refunded,2024-09-03
744,177,Credit Card,Success,2024-11-02
745,252,Debit Card,Refunded,2023-12-14
746,14,Net Banking,Success,2023-08-29
747,789,Debit Card,Failed,2025-03-30
748,449,Net Banking,Refunded,2024-06-18
749,189,Wallet,Failed,2026-01-13
750,366,UPI,Failed,2023-07-14
751,34,Credit Card,Refunded,2023-08-21
752,285,Debit Card,Refunded,2023-10-27
753,592,Wallet,Success,2025-05-10
754,354,Debit Card,Success,2026-02-08
755,706,Cash on Delivery,Failed,2024-10-07
756,6,Debit Card,Success,2025-12-21
757,484,Debit Card,Pending,2024-02-29
758,312,Net Banking,Failed,2025-03-23
759,888,Debit Card,Refunded,2025-03-03
760,723,Debit Card,Pending,2025-12-15
761,65,Credit Card,Failed,2023-08-15
762,53,Credit Card,Failed,2026-04-16
763,310,Wallet,Success,2023-12-22
764,231,Cash on Delivery,Pending,2023-11-26
765,727,UPI,Failed,2023-09-04
766,324,Cash on Delivery,Failed,2024-07-06
767,833,Cash on Delivery,Success,2023-09-11
768,649,Cash on Delivery,Pending,2025-11-11
769,775,Credit Card,Refunded,2023-12-09
770,993,UPI,Success,2024-10-19
771,521,Debit Card,Success,2026-03-06
772,361,Credit Card,Pending,2025-05-28
773,358,Net Banking,Success,2026-06-30
774,85,Wallet,Success,2024-03-02
775,871,Debit Card,Failed,2025-05-30
776,629,Cash on Delivery,Refunded,2025-03-24
777,737,Debit Card,Pending,2024-07-14
778,517,UPI,Success,2024-10-26
779,742,Credit Card,Refunded,2024-11-22
780,923,Credit Card,Refunded,2023-08-09
781,149,Wallet,Failed,2025-05-11
782,839,Cash on Delivery,Pending,2023-07-16
783,670,Debit Card,Success,2024-06-08
784,220,Credit Card,Pending,2023-10-04
785,507,Wallet,Success,2024-03-08
786,284,Debit Card,Failed,2023-07-27
787,307,UPI,Refunded,2026-02-27
788,801,Net Banking,Success,2025-03-24
789,514,Credit Card,Refunded,2023-08-27
790,482,Net Banking,Pending,2026-04-08
791,401,UPI,Pending,2025-05-14
792,359,Cash on Delivery,Pending,2025-09-15
793,914,Net Banking,Success,2025-09-23
794,633,Cash on Delivery,Failed,2025-06-18
795,773,Credit Card,Pending,2025-06-13
796,263,Debit Card,Pending,2024-02-28
797,641,Net Banking,Refunded,2023-08-08
798,438,Wallet,Pending,2026-05-03
799,987,Net Banking,Success,2026-01-14
800,217,Wallet,Failed,2024-08-18
801,705,Wallet,Refunded,2025-09-27
802,194,Credit Card,Refunded,2024-04-29
803,360,Debit Card,Refunded,2024-11-26
804,453,UPI,Success,2023-09-29
805,384,UPI,Success,2026-06-24
806,677,Net Banking,Pending,2025-02-21
807,232,UPI,Refunded,2023-11-14
808,767,Net Banking,Success,2026-05-18
809,525,Debit Card,Pending,2024-12-10
810,663,Wallet,Pending,2025-01-29
811,488,Net Banking,Success,2026-06-07
812,408,Wallet,Pending,2026-01-15
813,346,Credit Card,Pending,2025-10-27
814,60,UPI,Refunded,2023-10-21
815,170,Wallet,Failed,2025-04-16
816,749,Debit Card,Pending,2026-02-17
817,934,Cash on Delivery,Pending,2024-02-16
818,490,Credit Card,Failed,2025-02-10
819,937,Credit Card,Failed,2025-01-30
820,190,Wallet,Pending,2023-12-09
821,389,Wallet,Success,2025-11-21
822,698,Credit Card,Pending,2024-10-25
823,604,Net Banking,Refunded,2024-06-07
824,142,Net Banking,Failed,2026-03-21
825,73,Credit Card,Failed,2025-07-20
826,198,UPI,Failed,2024-04-21
827,916,Net Banking,Refunded,2024-01-27
828,610,Cash on Delivery,Failed,2024-09-29
829,366,UPI,Refunded,2024-02-01
830,288,Debit Card,Pending,2026-02-22
831,273,Cash on Delivery,Refunded,2024-12-17
832,409,UPI,Success,2026-01-21
833,440,Debit Card,Refunded,2024-04-25
834,526,Debit Card,Failed,2024-02-24
835,283,Net Banking,Success,2024-04-17
836,955,UPI,Success,2024-09-21
837,569,Credit Card,Pending,2025-11-08
838,235,Cash on Delivery,Failed,2026-06-17
839,601,Debit Card,Failed,2024-04-23
840,881,Credit Card,Pending,2023-10-15
841,947,Wallet,Pending,2023-12-10
842,335,Net Banking,Success,2024-07-29
843,19,Debit Card,Success,2025-02-16
844,530,Credit Card,Success,2024-08-02
845,986,UPI,Pending,2025-10-18
846,1,Credit Card,Refunded,2023-11-15
847,717,Wallet,Success,2026-01-20
848,650,Net Banking,Failed,2026-02-05
849,31,Cash on Delivery,Pending,2024-10-07
850,877,Credit Card,Pending,2024-04-17
851,23,Debit Card,Failed,2023-08-21
852,492,Credit Card,Refunded,2023-10-18
853,573,Wallet,Failed,2024-11-01
854,554,Debit Card,Refunded,2024-07-26
855,14,UPI,Refunded,2026-01-02
856,557,Credit Card,Failed,2024-08-08
857,900,UPI,Failed,2024-09-28
858,916,UPI,Refunded,2025-05-12
859,952,Credit Card,Pending,2023-09-01
860,340,Cash on Delivery,Refunded,2025-07-19
861,633,Credit Card,Failed,2025-06-02
862,719,Wallet,Failed,2024-02-20
863,210,Credit Card,Refunded,2024-06-19
864,607,UPI,Failed,2026-06-02
865,216,UPI,Failed,2025-06-23
866,698,Net Banking,Failed,2025-01-11
867,228,Credit Card,Pending,2023-11-03
868,536,Debit Card,Refunded,2024-09-01
869,975,Debit Card,Success,2026-05-13
870,342,Credit Card,Pending,2024-01-05
871,874,UPI,Refunded,2026-05-23
872,778,Net Banking,Refunded,2025-08-02
873,12,Credit Card,Refunded,2023-10-25
874,437,Wallet,Pending,2024-04-21
875,308,UPI,Failed,2025-04-12
876,5,Wallet,Pending,2025-09-06
877,401,UPI,Failed,2026-02-21
878,264,UPI,Refunded,2026-06-24
879,663,Wallet,Pending,2024-06-24
880,569,Debit Card,Pending,2024-06-07
881,872,Credit Card,Pending,2025-04-22
882,346,Credit Card,Refunded,2025-04-30
883,472,Wallet,Success,2025-10-17
884,881,UPI,Success,2023-11-30
885,966,Cash on Delivery,Success,2024-06-13
886,738,Debit Card,Refunded,2024-06-27
887,989,Wallet,Pending,2026-04-02
888,880,Net Banking,Refunded,2025-12-27
889,489,Credit Card,Failed,2023-10-20
890,694,Debit Card,Refunded,2024-04-18
891,208,Debit Card,Failed,2026-05-30
892,85,Net Banking,Success,2023-12-17
893,805,Wallet,Refunded,2026-04-08
894,963,UPI,Refunded,2023-11-08
895,95,Wallet,Success,2026-04-05
896,742,Debit Card,Refunded,2024-02-26
897,623,Net Banking,Refunded,2023-10-26
898,758,Net Banking,Pending,2025-03-24
899,237,Net Banking,Failed,2023-09-04
900,858,UPI,Pending,2026-05-13
901,608,UPI,Pending,2024-02-27
902,762,UPI,Failed,2026-05-22
903,639,Debit Card,Success,2025-04-09
904,754,Debit Card,Success,2023-11-24
905,313,Wallet,Failed,2024-10-26
906,790,UPI,Refunded,2024-02-15
907,23,Wallet,Pending,2024-10-14
908,38,Credit Card,Pending,2023-07-20
909,360,Credit Card,Pending,2023-11-22
910,615,Debit Card,Failed,2024-09-25
911,986,Wallet,Refunded,2023-07-09
912,419,Cash on Delivery,Refunded,2024-09-29
913,170,UPI,Success,2023-07-12
914,246,Wallet,Pending,2024-11-15
915,458,UPI,Success,2025-12-19
916,169,UPI,Pending,2023-08-05
917,360,Debit Card,Pending,2025-03-28
918,259,Net Banking,Failed,2024-10-28
919,108,Debit Card,Failed,2024-01-22
920,81,Debit Card,Refunded,2025-07-22
921,213,Cash on Delivery,Refunded,2026-07-02
922,459,Debit Card,Pending,2025-02-23
923,554,UPI,Pending,2025-04-10
924,128,Net Banking,Failed,2025-10-01
925,762,Debit Card,Pending,2023-09-10
926,774,Net Banking,Success,2023-09-14
927,973,Debit Card,Refunded,2025-05-22
928,875,Wallet,Refunded,2025-08-30
929,742,Debit Card,Success,2026-04-13
930,899,Credit Card,Refunded,2025-01-02
931,623,Net Banking,Failed,2025-03-30
932,232,Wallet,Failed,2023-10-17
933,917,Credit Card,Failed,2025-01-31
934,1,Cash on Delivery,Refunded,2024-08-06
935,649,Net Banking,Failed,2024-08-19
936,324,Credit Card,Pending,2023-09-11
937,432,Wallet,Refunded,2025-10-19
938,457,Net Banking,Failed,2023-08-23
939,440,UPI,Success,2026-02-16
940,411,UPI,Success,2025-12-04
941,241,Wallet,Pending,2025-07-29
942,452,Cash on Delivery,Pending,2026-03-06
943,757,Debit Card,Pending,2024-09-08
944,419,Net Banking,Refunded,2024-12-26
945,796,Net Banking,Pending,2023-12-18
946,277,Debit Card,Refunded,2025-11-25
947,313,Debit Card,Pending,2024-11-27
948,410,Wallet,Failed,2025-07-28
949,528,Debit Card,Refunded,2026-02-26
950,593,Credit Card,Failed,2025-03-31
951,460,Cash on Delivery,Success,2025-03-13
952,195,Net Banking,Refunded,2024-03-02
953,483,Credit Card,Refunded,2024-04-19
954,577,Net Banking,Refunded,2024-02-10
955,938,Debit Card,Refunded,2025-11-06
956,528,UPI,Success,2025-02-23
957,593,UPI,Success,2025-10-08
958,692,UPI,Success,2024-10-30
959,185,Wallet,Failed,2024-03-23
960,193,Net Banking,Refunded,2025-06-05
961,10,Net Banking,Refunded,2023-08-15
962,16,Debit Card,Failed,2025-12-27
963,328,Cash on Delivery,Failed,2024-07-02
964,540,Wallet,Refunded,2024-09-13
965,343,Credit Card,Failed,2025-01-11
966,563,Credit Card,Failed,2024-05-23
967,524,Debit Card,Pending,2025-10-30
968,640,Net Banking,Refunded,2024-09-27
969,368,Cash on Delivery,Refunded,2025-12-03
970,953,Net Banking,Pending,2026-05-29
971,750,Wallet,Pending,2024-12-05
972,276,Net Banking,Refunded,2025-04-14
973,38,Credit Card,Failed,2024-06-14
974,36,Wallet,Success,2023-10-13
975,522,UPI,Failed,2024-12-20
976,630,UPI,Pending,2024-09-29
977,453,UPI,Success,2026-05-03
978,554,Wallet,Failed,2023-08-09
979,487,Credit Card,Refunded,2023-09-17
980,222,Net Banking,Refunded,2024-03-16
981,648,Debit Card,Refunded,2024-10-17
982,483,Net Banking,Pending,2025-04-25
983,920,Credit Card,Success,2026-06-16
984,516,Wallet,Pending,2025-02-19
985,724,Credit Card,Success,2025-04-20
986,593,Net Banking,Refunded,2025-03-07
987,311,Credit Card,Success,2024-06-17
988,611,Cash on Delivery,Pending,2025-08-23
989,682,Debit Card,Failed,2026-04-04
990,474,UPI,Success,2026-03-06
991,57,Debit Card,Pending,2024-03-17
992,951,Credit Card,Success,2023-09-24
993,623,Wallet,Refunded,2024-04-19
994,65,Debit Card,Success,2025-03-01
995,474,Cash on Delivery,Failed,2026-01-01
996,652,Debit Card,Success,2026-04-17
997,294,Credit Card,Failed,2025-12-18
998,549,Credit Card,Failed,2024-04-29
999,382,UPI,Pending,2025-02-23
1000,177,Net Banking,Failed,2023-07-25
